Club;City;Country;Latitude;Longitude
Real Madrid;Madrid;Spain;40.453053;-3.688344
Bayern Munich;Munich;Germany;48.218967;11.623746
Liverpool;Liverpool;England;53.430759;-2.961425
PSG;Paris;France;"	48.8415";2.2530
Arsenal;London;England;"	51.5549";"	0.1084"
Juventus;Turin;Italy;45.1097;"	7.6410"
Milan;Milan;Italy;45.4781;"	9.1240"
Ajax;Amsterdam;Netherlands;"	52.3144";4.9419
Benfica;Lisbon;Portugal;"	38.7527";-9.1847
Barcelona;Barcelona;Spain;"	41.3809";"	2.1228"
Porto;Porto;Portugal;"	41.161758";-8.583933
Sporting;Lisbon;Portugal;"	38.7612";-9.1608
Dinamo Zagreb;Zagreb;Croaria;"	45.8189";16.0181
Borussia Dortmunt;Dortmund;Germany;"	51.4926";"	7.4519"
